{
  "scale": 99.88903731496006,
  "rotation": [
    [
      0.9808685701073535,
      -0.16917101176126573,
      -0.09632246339885628
    ],
    [
      0.16741840538965272,
      0.9855416018663405,
      -0.02605433797880883
    ],
    [
      0.09933743359046592,
      0.009429728012928443,
      0.995009122831174
    ]
  ],
  "translation": [
    -18.020084926149057,
    19.94807175883435,
    7.7065051299113865
  ],
  "lat0": 40.413552101,
  "lon0": -79.948717373,
  "alt0": 200.4963
}
