{
  "scale": 156.22972048715823,
  "rotation": [
    [ 0.944061219199413, -0.327184417825249, -0.041212853453057 ],
    [ 0.327526238109089,  0.944840855383289,  0.001663323254891 ],
    [ 0.038395408303929, -0.015068209712133,  0.999149244369932 ]
  ],
  "translation": [
    16.186818088529986,
    32.80545417403235,
    2.202953640547516
  ],
  "lat0": 40.413552101,
  "lon0": -79.948717373,
  "alt0": 200.4963
}