{
  "scale": 100.20185352876446,
  "rotation": [
    [
      0.9804001053439606,
      -0.17125458794235981,
      -0.09740379638516886
    ],
    [
      0.16910713174302727,
      0.9851424317513399,
      -0.029952748733676603
    ],
    [
      0.10108615847482448,
      0.012894001386260252,
      0.9947941160325858
    ]
  ],
  "translation": [
    -5.667936917857652,
    21.915525438759275,
    -1.7602623344071242
  ],
  "lat0": 40.413532687,
  "lon0": -79.948860434,
  "alt0": 210.0093
}
