{
  "scale": 285.27103966903303,
  "rotation": [
    [
      0.9704776421572158,
      -0.2202913694600609,
      -0.09820824107162479
    ],
    [
      0.21973647650415867,
      0.9754185943293636,
      -0.01656643383671019
    ],
    [
      0.09944358685460188,
      -0.0055025792079455025,
      0.9950279868704959
    ]
  ],
  "translation": [
    -0.03402919639673563,
    0.330969151903183,
    -0.5245334833170554
  ],
  "lat0": 40.413532687,
  "lon0": -79.948860434,
  "alt0": 210.0093
}
