{
  "scale": 99.9653992596309,
  "rotation": [
    [
      0.9550354697665201,
      -0.2856530217935506,
      -0.07943300716990961
    ],
    [
      0.28338985088446983,
      0.958224481317702,
      -0.03867862224922981
    ],
    [
      0.08716331741919582,
      0.014428948112529028,
      0.9960895349078048
    ]
  ],
  "translation": [
    0.6501798674501318,
    -0.05179077061648485,
    -1.2836770856082014
  ],
  "lat0": 40.413746721,
  "lon0": -79.948863238,
  "alt0": 204.7541
}
